ghg,val
COe_l,16.66816337
COe_l_ct,16.6666643
COe_l_sh,16.66666713
co2cow,9.355853618
co2sh,16.45483816
co2milk,16.45483816
co2meat,16.45483816
