soil,val
SB_l   ,53.73688593
Ni_l    ,53.80429125
Ni_cow  ,53.80429117
