water,val
wr_sum,16.66764249
wratio,17.03703704
wu_cow,3.01526352
wu_sheep,21.34698314
wu_milk,16.66666667
wu_meat,16.66666667
wui_avg,16.66666667
